<?xml version="1.0" encoding="UTF-8"?>
<metadata modelVersion="1.1.0">
  <groupId>io.process.analytics.tools.bpmn</groupId>
  <artifactId>bpmn-layout-generator</artifactId>
  <version>0.2.1-SNAPSHOT</version>
  <versioning>
    <snapshot>
      <localCopy>true</localCopy>
    </snapshot>
    <lastUpdated>20240904110335</lastUpdated>
    <snapshotVersions>
      <snapshotVersion>
        <extension>pom</extension>
        <value>0.2.1-SNAPSHOT</value>
        <updated>20240904110335</updated>
      </snapshotVersion>
      <snapshotVersion>
        <extension>jar</extension>
        <value>0.2.1-SNAPSHOT</value>
        <updated>20240904110335</updated>
      </snapshotVersion>
      <snapshotVersion>
        <classifier>jar-with-dependencies</classifier>
        <extension>jar</extension>
        <value>0.2.1-SNAPSHOT</value>
        <updated>20240904110335</updated>
      </snapshotVersion>
    </snapshotVersions>
  </versioning>
</metadata>
